trial_id,condition_id,calibration_id,phase_code_id,receiver_id,preparation_id,hidden_label,click_mask,source_herald_time,gate_open_time,gate_close_time,energy_bound_id,quality_flags,mode_count,record_status
SYNTHETIC-0000000,P1_moderate_imbalance,EXAMPLE_ONLY,physical_four_one_pi_flips_common_optical_phase,D_Jhalf_minus_I_fixed,p1,2,0,,,,EXAMPLE_ONLY,NONE,4,SYNTHETIC_NOT_AN_EXPERIMENT
SYNTHETIC-0000001,P1_moderate_imbalance,EXAMPLE_ONLY,physical_four_one_pi_flips_common_optical_phase,D_Jhalf_minus_I_fixed,p1,2,4,,,,EXAMPLE_ONLY,NONE,4,SYNTHETIC_NOT_AN_EXPERIMENT
SYNTHETIC-0000002,P1_moderate_imbalance,EXAMPLE_ONLY,physical_four_one_pi_flips_common_optical_phase,D_Jhalf_minus_I_fixed,p1,3,0,,,,EXAMPLE_ONLY,NONE,4,SYNTHETIC_NOT_AN_EXPERIMENT
SYNTHETIC-0000003,P1_moderate_imbalance,EXAMPLE_ONLY,physical_four_one_pi_flips_common_optical_phase,D_Jhalf_minus_I_fixed,p1,2,4,,,,EXAMPLE_ONLY,NONE,4,SYNTHETIC_NOT_AN_EXPERIMENT
SYNTHETIC-0000004,P1_moderate_imbalance,EXAMPLE_ONLY,physical_four_one_pi_flips_common_optical_phase,D_Jhalf_minus_I_fixed,p1,0,1,,,,EXAMPLE_ONLY,NONE,4,SYNTHETIC_NOT_AN_EXPERIMENT
SYNTHETIC-0000005,P1_moderate_imbalance,EXAMPLE_ONLY,physical_four_one_pi_flips_common_optical_phase,D_Jhalf_minus_I_fixed,p1,0,1,,,,EXAMPLE_ONLY,NONE,4,SYNTHETIC_NOT_AN_EXPERIMENT
SYNTHETIC-0000006,P1_moderate_imbalance,EXAMPLE_ONLY,physical_four_one_pi_flips_common_optical_phase,D_Jhalf_minus_I_fixed,p1,2,0,,,,EXAMPLE_ONLY,NONE,4,SYNTHETIC_NOT_AN_EXPERIMENT
SYNTHETIC-0000007,P1_moderate_imbalance,EXAMPLE_ONLY,physical_four_one_pi_flips_common_optical_phase,D_Jhalf_minus_I_fixed,p1,2,0,,,,EXAMPLE_ONLY,NONE,4,SYNTHETIC_NOT_AN_EXPERIMENT
SYNTHETIC-0000008,P1_moderate_imbalance,EXAMPLE_ONLY,physical_four_one_pi_flips_common_optical_phase,D_Jhalf_minus_I_fixed,p1,3,8,,,,EXAMPLE_ONLY,NONE,4,SYNTHETIC_NOT_AN_EXPERIMENT
SYNTHETIC-0000009,P1_moderate_imbalance,EXAMPLE_ONLY,physical_four_one_pi_flips_common_optical_phase,D_Jhalf_minus_I_fixed,p1,0,0,,,,EXAMPLE_ONLY,NONE,4,SYNTHETIC_NOT_AN_EXPERIMENT
SYNTHETIC-0000010,P1_moderate_imbalance,EXAMPLE_ONLY,physical_four_one_pi_flips_common_optical_phase,D_Jhalf_minus_I_fixed,p1,0,0,,,,EXAMPLE_ONLY,NONE,4,SYNTHETIC_NOT_AN_EXPERIMENT
SYNTHETIC-0000011,P1_moderate_imbalance,EXAMPLE_ONLY,physical_four_one_pi_flips_common_optical_phase,D_Jhalf_minus_I_fixed,p1,2,0,,,,EXAMPLE_ONLY,NONE,4,SYNTHETIC_NOT_AN_EXPERIMENT
SYNTHETIC-0000012,P1_moderate_imbalance,EXAMPLE_ONLY,physical_four_one_pi_flips_common_optical_phase,D_Jhalf_minus_I_fixed,p1,1,0,,,,EXAMPLE_ONLY,NONE,4,SYNTHETIC_NOT_AN_EXPERIMENT
SYNTHETIC-0000013,P1_moderate_imbalance,EXAMPLE_ONLY,physical_four_one_pi_flips_common_optical_phase,D_Jhalf_minus_I_fixed,p1,1,2,,,,EXAMPLE_ONLY,NONE,4,SYNTHETIC_NOT_AN_EXPERIMENT
SYNTHETIC-0000014,P1_moderate_imbalance,EXAMPLE_ONLY,physical_four_one_pi_flips_common_optical_phase,D_Jhalf_minus_I_fixed,p1,3,0,,,,EXAMPLE_ONLY,NONE,4,SYNTHETIC_NOT_AN_EXPERIMENT
SYNTHETIC-0000015,P1_moderate_imbalance,EXAMPLE_ONLY,physical_four_one_pi_flips_common_optical_phase,D_Jhalf_minus_I_fixed,p1,3,8,,,,EXAMPLE_ONLY,NONE,4,SYNTHETIC_NOT_AN_EXPERIMENT
SYNTHETIC-0000016,P1_moderate_imbalance,EXAMPLE_ONLY,physical_four_one_pi_flips_common_optical_phase,D_Jhalf_minus_I_fixed,p1,2,4,,,,EXAMPLE_ONLY,NONE,4,SYNTHETIC_NOT_AN_EXPERIMENT
SYNTHETIC-0000017,P1_moderate_imbalance,EXAMPLE_ONLY,physical_four_one_pi_flips_common_optical_phase,D_Jhalf_minus_I_fixed,p1,2,0,,,,EXAMPLE_ONLY,NONE,4,SYNTHETIC_NOT_AN_EXPERIMENT
SYNTHETIC-0000018,P1_moderate_imbalance,EXAMPLE_ONLY,physical_four_one_pi_flips_common_optical_phase,D_Jhalf_minus_I_fixed,p1,3,0,,,,EXAMPLE_ONLY,NONE,4,SYNTHETIC_NOT_AN_EXPERIMENT
SYNTHETIC-0000019,P1_moderate_imbalance,EXAMPLE_ONLY,physical_four_one_pi_flips_common_optical_phase,D_Jhalf_minus_I_fixed,p1,1,0,,,,EXAMPLE_ONLY,NONE,4,SYNTHETIC_NOT_AN_EXPERIMENT
SYNTHETIC-0000020,P1_moderate_imbalance,EXAMPLE_ONLY,physical_four_one_pi_flips_common_optical_phase,D_Jhalf_minus_I_fixed,p1,3,8,,,,EXAMPLE_ONLY,NONE,4,SYNTHETIC_NOT_AN_EXPERIMENT
SYNTHETIC-0000021,P1_moderate_imbalance,EXAMPLE_ONLY,physical_four_one_pi_flips_common_optical_phase,D_Jhalf_minus_I_fixed,p1,0,1,,,,EXAMPLE_ONLY,NONE,4,SYNTHETIC_NOT_AN_EXPERIMENT
SYNTHETIC-0000022,P1_moderate_imbalance,EXAMPLE_ONLY,physical_four_one_pi_flips_common_optical_phase,D_Jhalf_minus_I_fixed,p1,1,2,,,,EXAMPLE_ONLY,NONE,4,SYNTHETIC_NOT_AN_EXPERIMENT
SYNTHETIC-0000023,P1_moderate_imbalance,EXAMPLE_ONLY,physical_four_one_pi_flips_common_optical_phase,D_Jhalf_minus_I_fixed,p1,3,8,,,,EXAMPLE_ONLY,NONE,4,SYNTHETIC_NOT_AN_EXPERIMENT
SYNTHETIC-0000024,P1_moderate_imbalance,EXAMPLE_ONLY,physical_four_one_pi_flips_common_optical_phase,D_Jhalf_minus_I_fixed,p1,1,2,,,,EXAMPLE_ONLY,NONE,4,SYNTHETIC_NOT_AN_EXPERIMENT
SYNTHETIC-0000025,P1_moderate_imbalance,EXAMPLE_ONLY,physical_four_one_pi_flips_common_optical_phase,D_Jhalf_minus_I_fixed,p1,1,2,,,,EXAMPLE_ONLY,NONE,4,SYNTHETIC_NOT_AN_EXPERIMENT
SYNTHETIC-0000026,P1_moderate_imbalance,EXAMPLE_ONLY,physical_four_one_pi_flips_common_optical_phase,D_Jhalf_minus_I_fixed,p1,2,0,,,,EXAMPLE_ONLY,NONE,4,SYNTHETIC_NOT_AN_EXPERIMENT
SYNTHETIC-0000027,P1_moderate_imbalance,EXAMPLE_ONLY,physical_four_one_pi_flips_common_optical_phase,D_Jhalf_minus_I_fixed,p1,3,0,,,,EXAMPLE_ONLY,NONE,4,SYNTHETIC_NOT_AN_EXPERIMENT
SYNTHETIC-0000028,P1_moderate_imbalance,EXAMPLE_ONLY,physical_four_one_pi_flips_common_optical_phase,D_Jhalf_minus_I_fixed,p1,1,0,,,,EXAMPLE_ONLY,NONE,4,SYNTHETIC_NOT_AN_EXPERIMENT
SYNTHETIC-0000029,P1_moderate_imbalance,EXAMPLE_ONLY,physical_four_one_pi_flips_common_optical_phase,D_Jhalf_minus_I_fixed,p1,3,0,,,,EXAMPLE_ONLY,NONE,4,SYNTHETIC_NOT_AN_EXPERIMENT
SYNTHETIC-0000030,P1_moderate_imbalance,EXAMPLE_ONLY,physical_four_one_pi_flips_common_optical_phase,D_Jhalf_minus_I_fixed,p1,3,8,,,,EXAMPLE_ONLY,NONE,4,SYNTHETIC_NOT_AN_EXPERIMENT
SYNTHETIC-0000031,P1_moderate_imbalance,EXAMPLE_ONLY,physical_four_one_pi_flips_common_optical_phase,D_Jhalf_minus_I_fixed,p1,1,2,,,,EXAMPLE_ONLY,NONE,4,SYNTHETIC_NOT_AN_EXPERIMENT
SYNTHETIC-0000032,P1_moderate_imbalance,EXAMPLE_ONLY,physical_four_one_pi_flips_common_optical_phase,D_Jhalf_minus_I_fixed,p1,3,8,,,,EXAMPLE_ONLY,NONE,4,SYNTHETIC_NOT_AN_EXPERIMENT
SYNTHETIC-0000033,P1_moderate_imbalance,EXAMPLE_ONLY,physical_four_one_pi_flips_common_optical_phase,D_Jhalf_minus_I_fixed,p1,1,0,,,,EXAMPLE_ONLY,NONE,4,SYNTHETIC_NOT_AN_EXPERIMENT
SYNTHETIC-0000034,P1_moderate_imbalance,EXAMPLE_ONLY,physical_four_one_pi_flips_common_optical_phase,D_Jhalf_minus_I_fixed,p1,3,0,,,,EXAMPLE_ONLY,NONE,4,SYNTHETIC_NOT_AN_EXPERIMENT
SYNTHETIC-0000035,P1_moderate_imbalance,EXAMPLE_ONLY,physical_four_one_pi_flips_common_optical_phase,D_Jhalf_minus_I_fixed,p1,1,2,,,,EXAMPLE_ONLY,NONE,4,SYNTHETIC_NOT_AN_EXPERIMENT
SYNTHETIC-0000036,P1_moderate_imbalance,EXAMPLE_ONLY,physical_four_one_pi_flips_common_optical_phase,D_Jhalf_minus_I_fixed,p1,0,1,,,,EXAMPLE_ONLY,NONE,4,SYNTHETIC_NOT_AN_EXPERIMENT
SYNTHETIC-0000037,P1_moderate_imbalance,EXAMPLE_ONLY,physical_four_one_pi_flips_common_optical_phase,D_Jhalf_minus_I_fixed,p1,2,4,,,,EXAMPLE_ONLY,NONE,4,SYNTHETIC_NOT_AN_EXPERIMENT
SYNTHETIC-0000038,P1_moderate_imbalance,EXAMPLE_ONLY,physical_four_one_pi_flips_common_optical_phase,D_Jhalf_minus_I_fixed,p1,1,2,,,,EXAMPLE_ONLY,NONE,4,SYNTHETIC_NOT_AN_EXPERIMENT
SYNTHETIC-0000039,P1_moderate_imbalance,EXAMPLE_ONLY,physical_four_one_pi_flips_common_optical_phase,D_Jhalf_minus_I_fixed,p1,0,1,,,,EXAMPLE_ONLY,NONE,4,SYNTHETIC_NOT_AN_EXPERIMENT
SYNTHETIC-0000040,P1_moderate_imbalance,EXAMPLE_ONLY,physical_four_one_pi_flips_common_optical_phase,D_Jhalf_minus_I_fixed,p1,0,1,,,,EXAMPLE_ONLY,NONE,4,SYNTHETIC_NOT_AN_EXPERIMENT
SYNTHETIC-0000041,P1_moderate_imbalance,EXAMPLE_ONLY,physical_four_one_pi_flips_common_optical_phase,D_Jhalf_minus_I_fixed,p1,0,1,,,,EXAMPLE_ONLY,NONE,4,SYNTHETIC_NOT_AN_EXPERIMENT
SYNTHETIC-0000042,P1_moderate_imbalance,EXAMPLE_ONLY,physical_four_one_pi_flips_common_optical_phase,D_Jhalf_minus_I_fixed,p1,0,1,,,,EXAMPLE_ONLY,NONE,4,SYNTHETIC_NOT_AN_EXPERIMENT
SYNTHETIC-0000043,P1_moderate_imbalance,EXAMPLE_ONLY,physical_four_one_pi_flips_common_optical_phase,D_Jhalf_minus_I_fixed,p1,0,1,,,,EXAMPLE_ONLY,NONE,4,SYNTHETIC_NOT_AN_EXPERIMENT
SYNTHETIC-0000044,P1_moderate_imbalance,EXAMPLE_ONLY,physical_four_one_pi_flips_common_optical_phase,D_Jhalf_minus_I_fixed,p1,0,0,,,,EXAMPLE_ONLY,NONE,4,SYNTHETIC_NOT_AN_EXPERIMENT
SYNTHETIC-0000045,P1_moderate_imbalance,EXAMPLE_ONLY,physical_four_one_pi_flips_common_optical_phase,D_Jhalf_minus_I_fixed,p1,1,2,,,,EXAMPLE_ONLY,NONE,4,SYNTHETIC_NOT_AN_EXPERIMENT
SYNTHETIC-0000046,P1_moderate_imbalance,EXAMPLE_ONLY,physical_four_one_pi_flips_common_optical_phase,D_Jhalf_minus_I_fixed,p1,0,0,,,,EXAMPLE_ONLY,NONE,4,SYNTHETIC_NOT_AN_EXPERIMENT
SYNTHETIC-0000047,P1_moderate_imbalance,EXAMPLE_ONLY,physical_four_one_pi_flips_common_optical_phase,D_Jhalf_minus_I_fixed,p1,1,0,,,,EXAMPLE_ONLY,NONE,4,SYNTHETIC_NOT_AN_EXPERIMENT
SYNTHETIC-0000048,P1_moderate_imbalance,EXAMPLE_ONLY,physical_four_one_pi_flips_common_optical_phase,D_Jhalf_minus_I_fixed,p1,2,4,,,,EXAMPLE_ONLY,NONE,4,SYNTHETIC_NOT_AN_EXPERIMENT
SYNTHETIC-0000049,P1_moderate_imbalance,EXAMPLE_ONLY,physical_four_one_pi_flips_common_optical_phase,D_Jhalf_minus_I_fixed,p1,1,2,,,,EXAMPLE_ONLY,NONE,4,SYNTHETIC_NOT_AN_EXPERIMENT
SYNTHETIC-0000050,P1_moderate_imbalance,EXAMPLE_ONLY,physical_four_one_pi_flips_common_optical_phase,D_Jhalf_minus_I_fixed,p1,3,8,,,,EXAMPLE_ONLY,NONE,4,SYNTHETIC_NOT_AN_EXPERIMENT
SYNTHETIC-0000051,P1_moderate_imbalance,EXAMPLE_ONLY,physical_four_one_pi_flips_common_optical_phase,D_Jhalf_minus_I_fixed,p1,0,0,,,,EXAMPLE_ONLY,NONE,4,SYNTHETIC_NOT_AN_EXPERIMENT
SYNTHETIC-0000052,P1_moderate_imbalance,EXAMPLE_ONLY,physical_four_one_pi_flips_common_optical_phase,D_Jhalf_minus_I_fixed,p1,1,2,,,,EXAMPLE_ONLY,NONE,4,SYNTHETIC_NOT_AN_EXPERIMENT
SYNTHETIC-0000053,P1_moderate_imbalance,EXAMPLE_ONLY,physical_four_one_pi_flips_common_optical_phase,D_Jhalf_minus_I_fixed,p1,3,0,,,,EXAMPLE_ONLY,NONE,4,SYNTHETIC_NOT_AN_EXPERIMENT
SYNTHETIC-0000054,P1_moderate_imbalance,EXAMPLE_ONLY,physical_four_one_pi_flips_common_optical_phase,D_Jhalf_minus_I_fixed,p1,0,1,,,,EXAMPLE_ONLY,NONE,4,SYNTHETIC_NOT_AN_EXPERIMENT
SYNTHETIC-0000055,P1_moderate_imbalance,EXAMPLE_ONLY,physical_four_one_pi_flips_common_optical_phase,D_Jhalf_minus_I_fixed,p1,3,0,,,,EXAMPLE_ONLY,NONE,4,SYNTHETIC_NOT_AN_EXPERIMENT
SYNTHETIC-0000056,P1_moderate_imbalance,EXAMPLE_ONLY,physical_four_one_pi_flips_common_optical_phase,D_Jhalf_minus_I_fixed,p1,3,8,,,,EXAMPLE_ONLY,NONE,4,SYNTHETIC_NOT_AN_EXPERIMENT
SYNTHETIC-0000057,P1_moderate_imbalance,EXAMPLE_ONLY,physical_four_one_pi_flips_common_optical_phase,D_Jhalf_minus_I_fixed,p1,3,0,,,,EXAMPLE_ONLY,NONE,4,SYNTHETIC_NOT_AN_EXPERIMENT
SYNTHETIC-0000058,P1_moderate_imbalance,EXAMPLE_ONLY,physical_four_one_pi_flips_common_optical_phase,D_Jhalf_minus_I_fixed,p1,2,0,,,,EXAMPLE_ONLY,NONE,4,SYNTHETIC_NOT_AN_EXPERIMENT
SYNTHETIC-0000059,P1_moderate_imbalance,EXAMPLE_ONLY,physical_four_one_pi_flips_common_optical_phase,D_Jhalf_minus_I_fixed,p1,2,4,,,,EXAMPLE_ONLY,NONE,4,SYNTHETIC_NOT_AN_EXPERIMENT
SYNTHETIC-0000060,P1_moderate_imbalance,EXAMPLE_ONLY,physical_four_one_pi_flips_common_optical_phase,D_Jhalf_minus_I_fixed,p1,0,1,,,,EXAMPLE_ONLY,NONE,4,SYNTHETIC_NOT_AN_EXPERIMENT
SYNTHETIC-0000061,P1_moderate_imbalance,EXAMPLE_ONLY,physical_four_one_pi_flips_common_optical_phase,D_Jhalf_minus_I_fixed,p1,3,0,,,,EXAMPLE_ONLY,NONE,4,SYNTHETIC_NOT_AN_EXPERIMENT
SYNTHETIC-0000062,P1_moderate_imbalance,EXAMPLE_ONLY,physical_four_one_pi_flips_common_optical_phase,D_Jhalf_minus_I_fixed,p1,0,0,,,,EXAMPLE_ONLY,NONE,4,SYNTHETIC_NOT_AN_EXPERIMENT
SYNTHETIC-0000063,P1_moderate_imbalance,EXAMPLE_ONLY,physical_four_one_pi_flips_common_optical_phase,D_Jhalf_minus_I_fixed,p1,2,0,,,,EXAMPLE_ONLY,NONE,4,SYNTHETIC_NOT_AN_EXPERIMENT
