hidden_label,input_port,output_port,target_real,target_imag,target_intensity,record_status
0,0,0,1.0,0.0,1.0,TARGET_NOT_A_MEASUREMENT
0,0,1,-7.260067287541263e-17,0.0,5.270857701962676e-33,TARGET_NOT_A_MEASUREMENT
0,0,2,-5.872288506759818e-17,0.0,3.448377230662345e-33,TARGET_NOT_A_MEASUREMENT
0,0,3,-6.617720520273194e-17,0.0,4.379422488444491e-33,TARGET_NOT_A_MEASUREMENT
0,0,4,-5.872288506759818e-17,0.0,3.448377230662345e-33,TARGET_NOT_A_MEASUREMENT
0,0,5,-6.617720520273194e-17,0.0,4.379422488444491e-33,TARGET_NOT_A_MEASUREMENT
0,0,6,-6.617720520273194e-17,0.0,4.379422488444491e-33,TARGET_NOT_A_MEASUREMENT
0,0,7,-7.260067287541263e-17,0.0,5.270857701962676e-33,TARGET_NOT_A_MEASUREMENT
0,1,0,-4.8864186196332743e-17,0.0,2.3877086926298754e-33,TARGET_NOT_A_MEASUREMENT
0,1,1,0.1601886205085203,0.0,0.025660394140422736,TARGET_NOT_A_MEASUREMENT
0,1,2,-0.5469181606780272,0.0,0.29911947447943643,TARGET_NOT_A_MEASUREMENT
0,1,3,0.1601886205085203,0.0,0.025660394140422736,TARGET_NOT_A_MEASUREMENT
0,1,4,-0.5469181606780272,0.0,0.29911947447943643,TARGET_NOT_A_MEASUREMENT
0,1,5,0.1601886205085203,0.0,0.025660394140422736,TARGET_NOT_A_MEASUREMENT
0,1,6,-0.5469181606780272,0.0,0.29911947447943643,TARGET_NOT_A_MEASUREMENT
0,1,7,0.1601886205085203,0.0,0.025660394140422736,TARGET_NOT_A_MEASUREMENT
0,2,0,-6.6469650349250835e-18,0.0,4.418214417551662e-35,TARGET_NOT_A_MEASUREMENT
0,2,1,0.5469181606780272,0.0,0.29911947447943643,TARGET_NOT_A_MEASUREMENT
0,2,2,-0.16018862050852034,0.0,0.025660394140422742,TARGET_NOT_A_MEASUREMENT
0,2,3,-0.1601886205085203,0.0,0.025660394140422736,TARGET_NOT_A_MEASUREMENT
0,2,4,0.5469181606780271,0.0,0.29911947447943626,TARGET_NOT_A_MEASUREMENT
0,2,5,0.5469181606780272,0.0,0.29911947447943643,TARGET_NOT_A_MEASUREMENT
0,2,6,-0.1601886205085203,0.0,0.025660394140422736,TARGET_NOT_A_MEASUREMENT
0,2,7,-0.1601886205085203,0.0,0.025660394140422736,TARGET_NOT_A_MEASUREMENT
0,3,0,-6.6469650349250835e-18,0.0,4.418214417551662e-35,TARGET_NOT_A_MEASUREMENT
0,3,1,-0.1601886205085203,0.0,0.025660394140422736,TARGET_NOT_A_MEASUREMENT
0,3,2,-0.16018862050852034,0.0,0.025660394140422742,TARGET_NOT_A_MEASUREMENT
0,3,3,0.5469181606780272,0.0,0.29911947447943643,TARGET_NOT_A_MEASUREMENT
0,3,4,0.5469181606780271,0.0,0.29911947447943626,TARGET_NOT_A_MEASUREMENT
0,3,5,-0.1601886205085203,0.0,0.025660394140422736,TARGET_NOT_A_MEASUREMENT
0,3,6,-0.1601886205085203,0.0,0.025660394140422736,TARGET_NOT_A_MEASUREMENT
0,3,7,0.5469181606780272,0.0,0.29911947447943643,TARGET_NOT_A_MEASUREMENT
0,4,0,2.110861058070383e-17,0.0,4.4557344064780165e-34,TARGET_NOT_A_MEASUREMENT
0,4,1,0.5469181606780272,0.0,0.29911947447943643,TARGET_NOT_A_MEASUREMENT
0,4,2,0.5469181606780272,0.0,0.29911947447943643,TARGET_NOT_A_MEASUREMENT
0,4,3,0.5469181606780272,0.0,0.29911947447943643,TARGET_NOT_A_MEASUREMENT
0,4,4,-0.16018862050852034,0.0,0.025660394140422742,TARGET_NOT_A_MEASUREMENT
0,4,5,-0.1601886205085203,0.0,0.025660394140422736,TARGET_NOT_A_MEASUREMENT
0,4,6,-0.1601886205085203,0.0,0.025660394140422736,TARGET_NOT_A_MEASUREMENT
0,4,7,-0.16018862050852029,0.0,0.025660394140422725,TARGET_NOT_A_MEASUREMENT
0,5,0,-6.6469650349250835e-18,0.0,4.418214417551662e-35,TARGET_NOT_A_MEASUREMENT
0,5,1,-0.1601886205085203,0.0,0.025660394140422736,TARGET_NOT_A_MEASUREMENT
0,5,2,0.5469181606780272,0.0,0.29911947447943643,TARGET_NOT_A_MEASUREMENT
0,5,3,-0.16018862050852029,0.0,0.025660394140422725,TARGET_NOT_A_MEASUREMENT
0,5,4,-0.16018862050852034,0.0,0.025660394140422742,TARGET_NOT_A_MEASUREMENT
0,5,5,0.5469181606780272,0.0,0.29911947447943643,TARGET_NOT_A_MEASUREMENT
0,5,6,-0.1601886205085203,0.0,0.025660394140422736,TARGET_NOT_A_MEASUREMENT
0,5,7,0.5469181606780272,0.0,0.29911947447943643,TARGET_NOT_A_MEASUREMENT
0,6,0,-6.6469650349250835e-18,0.0,4.418214417551662e-35,TARGET_NOT_A_MEASUREMENT
0,6,1,0.5469181606780272,0.0,0.29911947447943643,TARGET_NOT_A_MEASUREMENT
0,6,2,-0.1601886205085203,0.0,0.025660394140422736,TARGET_NOT_A_MEASUREMENT
0,6,3,-0.16018862050852029,0.0,0.025660394140422725,TARGET_NOT_A_MEASUREMENT
0,6,4,-0.1601886205085203,0.0,0.025660394140422736,TARGET_NOT_A_MEASUREMENT
0,6,5,-0.16018862050852029,0.0,0.025660394140422725,TARGET_NOT_A_MEASUREMENT
0,6,6,0.5469181606780272,0.0,0.29911947447943643,TARGET_NOT_A_MEASUREMENT
0,6,7,0.5469181606780272,0.0,0.29911947447943643,TARGET_NOT_A_MEASUREMENT
0,7,0,3.1661128318485097e-18,0.0,1.002427046399579e-35,TARGET_NOT_A_MEASUREMENT
0,7,1,-0.1601886205085203,0.0,0.025660394140422736,TARGET_NOT_A_MEASUREMENT
0,7,2,-0.1601886205085203,0.0,0.025660394140422736,TARGET_NOT_A_MEASUREMENT
0,7,3,0.5469181606780272,0.0,0.29911947447943643,TARGET_NOT_A_MEASUREMENT
0,7,4,-0.1601886205085203,0.0,0.025660394140422736,TARGET_NOT_A_MEASUREMENT
0,7,5,0.5469181606780272,0.0,0.29911947447943643,TARGET_NOT_A_MEASUREMENT
0,7,6,0.5469181606780272,0.0,0.29911947447943643,TARGET_NOT_A_MEASUREMENT
0,7,7,-0.16018862050852029,0.0,0.025660394140422725,TARGET_NOT_A_MEASUREMENT
1,0,0,-7.260067287541263e-17,0.0,5.270857701962676e-33,TARGET_NOT_A_MEASUREMENT
1,0,1,1.0,0.0,1.0,TARGET_NOT_A_MEASUREMENT
1,0,2,-6.617720520273194e-17,0.0,4.379422488444491e-33,TARGET_NOT_A_MEASUREMENT
1,0,3,-5.872288506759818e-17,0.0,3.448377230662345e-33,TARGET_NOT_A_MEASUREMENT
1,0,4,-6.617720520273194e-17,0.0,4.379422488444491e-33,TARGET_NOT_A_MEASUREMENT
1,0,5,-5.872288506759818e-17,0.0,3.448377230662345e-33,TARGET_NOT_A_MEASUREMENT
1,0,6,-7.260067287541263e-17,0.0,5.270857701962676e-33,TARGET_NOT_A_MEASUREMENT
1,0,7,-6.617720520273194e-17,0.0,4.379422488444491e-33,TARGET_NOT_A_MEASUREMENT
1,1,0,0.1601886205085203,0.0,0.025660394140422736,TARGET_NOT_A_MEASUREMENT
1,1,1,-4.8864186196332743e-17,0.0,2.3877086926298754e-33,TARGET_NOT_A_MEASUREMENT
1,1,2,0.1601886205085203,0.0,0.025660394140422736,TARGET_NOT_A_MEASUREMENT
1,1,3,-0.5469181606780272,0.0,0.29911947447943643,TARGET_NOT_A_MEASUREMENT
1,1,4,0.1601886205085203,0.0,0.025660394140422736,TARGET_NOT_A_MEASUREMENT
1,1,5,-0.5469181606780272,0.0,0.29911947447943643,TARGET_NOT_A_MEASUREMENT
1,1,6,0.1601886205085203,0.0,0.025660394140422736,TARGET_NOT_A_MEASUREMENT
1,1,7,-0.5469181606780272,0.0,0.29911947447943643,TARGET_NOT_A_MEASUREMENT
1,2,0,0.5469181606780272,0.0,0.29911947447943643,TARGET_NOT_A_MEASUREMENT
1,2,1,-6.6469650349250835e-18,0.0,4.418214417551662e-35,TARGET_NOT_A_MEASUREMENT
1,2,2,-0.1601886205085203,0.0,0.025660394140422736,TARGET_NOT_A_MEASUREMENT
1,2,3,-0.16018862050852034,0.0,0.025660394140422742,TARGET_NOT_A_MEASUREMENT
1,2,4,0.5469181606780272,0.0,0.29911947447943643,TARGET_NOT_A_MEASUREMENT
1,2,5,0.5469181606780271,0.0,0.29911947447943626,TARGET_NOT_A_MEASUREMENT
1,2,6,-0.1601886205085203,0.0,0.025660394140422736,TARGET_NOT_A_MEASUREMENT
1,2,7,-0.1601886205085203,0.0,0.025660394140422736,TARGET_NOT_A_MEASUREMENT
1,3,0,-0.1601886205085203,0.0,0.025660394140422736,TARGET_NOT_A_MEASUREMENT
1,3,1,-6.6469650349250835e-18,0.0,4.418214417551662e-35,TARGET_NOT_A_MEASUREMENT
1,3,2,0.5469181606780272,0.0,0.29911947447943643,TARGET_NOT_A_MEASUREMENT
1,3,3,-0.16018862050852034,0.0,0.025660394140422742,TARGET_NOT_A_MEASUREMENT
1,3,4,-0.1601886205085203,0.0,0.025660394140422736,TARGET_NOT_A_MEASUREMENT
1,3,5,0.5469181606780271,0.0,0.29911947447943626,TARGET_NOT_A_MEASUREMENT
1,3,6,0.5469181606780272,0.0,0.29911947447943643,TARGET_NOT_A_MEASUREMENT
1,3,7,-0.1601886205085203,0.0,0.025660394140422736,TARGET_NOT_A_MEASUREMENT
1,4,0,0.5469181606780272,0.0,0.29911947447943643,TARGET_NOT_A_MEASUREMENT
1,4,1,2.110861058070383e-17,0.0,4.4557344064780165e-34,TARGET_NOT_A_MEASUREMENT
1,4,2,0.5469181606780272,0.0,0.29911947447943643,TARGET_NOT_A_MEASUREMENT
1,4,3,0.5469181606780272,0.0,0.29911947447943643,TARGET_NOT_A_MEASUREMENT
1,4,4,-0.1601886205085203,0.0,0.025660394140422736,TARGET_NOT_A_MEASUREMENT
1,4,5,-0.16018862050852034,0.0,0.025660394140422742,TARGET_NOT_A_MEASUREMENT
1,4,6,-0.16018862050852029,0.0,0.025660394140422725,TARGET_NOT_A_MEASUREMENT
1,4,7,-0.1601886205085203,0.0,0.025660394140422736,TARGET_NOT_A_MEASUREMENT
1,5,0,-0.1601886205085203,0.0,0.025660394140422736,TARGET_NOT_A_MEASUREMENT
1,5,1,-6.6469650349250835e-18,0.0,4.418214417551662e-35,TARGET_NOT_A_MEASUREMENT
1,5,2,-0.16018862050852029,0.0,0.025660394140422725,TARGET_NOT_A_MEASUREMENT
1,5,3,0.5469181606780272,0.0,0.29911947447943643,TARGET_NOT_A_MEASUREMENT
1,5,4,0.5469181606780272,0.0,0.29911947447943643,TARGET_NOT_A_MEASUREMENT
1,5,5,-0.16018862050852034,0.0,0.025660394140422742,TARGET_NOT_A_MEASUREMENT
1,5,6,0.5469181606780272,0.0,0.29911947447943643,TARGET_NOT_A_MEASUREMENT
1,5,7,-0.1601886205085203,0.0,0.025660394140422736,TARGET_NOT_A_MEASUREMENT
1,6,0,0.5469181606780272,0.0,0.29911947447943643,TARGET_NOT_A_MEASUREMENT
1,6,1,-6.6469650349250835e-18,0.0,4.418214417551662e-35,TARGET_NOT_A_MEASUREMENT
1,6,2,-0.16018862050852029,0.0,0.025660394140422725,TARGET_NOT_A_MEASUREMENT
1,6,3,-0.1601886205085203,0.0,0.025660394140422736,TARGET_NOT_A_MEASUREMENT
1,6,4,-0.16018862050852029,0.0,0.025660394140422725,TARGET_NOT_A_MEASUREMENT
1,6,5,-0.1601886205085203,0.0,0.025660394140422736,TARGET_NOT_A_MEASUREMENT
1,6,6,0.5469181606780272,0.0,0.29911947447943643,TARGET_NOT_A_MEASUREMENT
1,6,7,0.5469181606780272,0.0,0.29911947447943643,TARGET_NOT_A_MEASUREMENT
1,7,0,-0.1601886205085203,0.0,0.025660394140422736,TARGET_NOT_A_MEASUREMENT
1,7,1,3.1661128318485097e-18,0.0,1.002427046399579e-35,TARGET_NOT_A_MEASUREMENT
1,7,2,0.5469181606780272,0.0,0.29911947447943643,TARGET_NOT_A_MEASUREMENT
1,7,3,-0.1601886205085203,0.0,0.025660394140422736,TARGET_NOT_A_MEASUREMENT
1,7,4,0.5469181606780272,0.0,0.29911947447943643,TARGET_NOT_A_MEASUREMENT
1,7,5,-0.1601886205085203,0.0,0.025660394140422736,TARGET_NOT_A_MEASUREMENT
1,7,6,-0.16018862050852029,0.0,0.025660394140422725,TARGET_NOT_A_MEASUREMENT
1,7,7,0.5469181606780272,0.0,0.29911947447943643,TARGET_NOT_A_MEASUREMENT
2,0,0,-5.872288506759818e-17,0.0,3.448377230662345e-33,TARGET_NOT_A_MEASUREMENT
2,0,1,-6.617720520273194e-17,0.0,4.379422488444491e-33,TARGET_NOT_A_MEASUREMENT
2,0,2,1.0,0.0,1.0,TARGET_NOT_A_MEASUREMENT
2,0,3,-7.260067287541263e-17,0.0,5.270857701962676e-33,TARGET_NOT_A_MEASUREMENT
2,0,4,-6.617720520273194e-17,0.0,4.379422488444491e-33,TARGET_NOT_A_MEASUREMENT
2,0,5,-7.260067287541263e-17,0.0,5.270857701962676e-33,TARGET_NOT_A_MEASUREMENT
2,0,6,-5.872288506759818e-17,0.0,3.448377230662345e-33,TARGET_NOT_A_MEASUREMENT
2,0,7,-6.617720520273194e-17,0.0,4.379422488444491e-33,TARGET_NOT_A_MEASUREMENT
2,1,0,-0.5469181606780272,0.0,0.29911947447943643,TARGET_NOT_A_MEASUREMENT
2,1,1,0.1601886205085203,0.0,0.025660394140422736,TARGET_NOT_A_MEASUREMENT
2,1,2,-4.8864186196332743e-17,0.0,2.3877086926298754e-33,TARGET_NOT_A_MEASUREMENT
2,1,3,0.1601886205085203,0.0,0.025660394140422736,TARGET_NOT_A_MEASUREMENT
2,1,4,-0.5469181606780272,0.0,0.29911947447943643,TARGET_NOT_A_MEASUREMENT
2,1,5,0.1601886205085203,0.0,0.025660394140422736,TARGET_NOT_A_MEASUREMENT
2,1,6,-0.5469181606780272,0.0,0.29911947447943643,TARGET_NOT_A_MEASUREMENT
2,1,7,0.1601886205085203,0.0,0.025660394140422736,TARGET_NOT_A_MEASUREMENT
2,2,0,-0.16018862050852034,0.0,0.025660394140422742,TARGET_NOT_A_MEASUREMENT
2,2,1,-0.1601886205085203,0.0,0.025660394140422736,TARGET_NOT_A_MEASUREMENT
2,2,2,-6.6469650349250835e-18,0.0,4.418214417551662e-35,TARGET_NOT_A_MEASUREMENT
2,2,3,0.5469181606780272,0.0,0.29911947447943643,TARGET_NOT_A_MEASUREMENT
2,2,4,-0.1601886205085203,0.0,0.025660394140422736,TARGET_NOT_A_MEASUREMENT
2,2,5,-0.1601886205085203,0.0,0.025660394140422736,TARGET_NOT_A_MEASUREMENT
2,2,6,0.5469181606780271,0.0,0.29911947447943626,TARGET_NOT_A_MEASUREMENT
2,2,7,0.5469181606780272,0.0,0.29911947447943643,TARGET_NOT_A_MEASUREMENT
2,3,0,-0.16018862050852034,0.0,0.025660394140422742,TARGET_NOT_A_MEASUREMENT
2,3,1,0.5469181606780272,0.0,0.29911947447943643,TARGET_NOT_A_MEASUREMENT
2,3,2,-6.6469650349250835e-18,0.0,4.418214417551662e-35,TARGET_NOT_A_MEASUREMENT
2,3,3,-0.1601886205085203,0.0,0.025660394140422736,TARGET_NOT_A_MEASUREMENT
2,3,4,-0.1601886205085203,0.0,0.025660394140422736,TARGET_NOT_A_MEASUREMENT
2,3,5,0.5469181606780272,0.0,0.29911947447943643,TARGET_NOT_A_MEASUREMENT
2,3,6,0.5469181606780271,0.0,0.29911947447943626,TARGET_NOT_A_MEASUREMENT
2,3,7,-0.1601886205085203,0.0,0.025660394140422736,TARGET_NOT_A_MEASUREMENT
2,4,0,0.5469181606780272,0.0,0.29911947447943643,TARGET_NOT_A_MEASUREMENT
2,4,1,0.5469181606780272,0.0,0.29911947447943643,TARGET_NOT_A_MEASUREMENT
2,4,2,2.110861058070383e-17,0.0,4.4557344064780165e-34,TARGET_NOT_A_MEASUREMENT
2,4,3,0.5469181606780272,0.0,0.29911947447943643,TARGET_NOT_A_MEASUREMENT
2,4,4,-0.1601886205085203,0.0,0.025660394140422736,TARGET_NOT_A_MEASUREMENT
2,4,5,-0.16018862050852029,0.0,0.025660394140422725,TARGET_NOT_A_MEASUREMENT
2,4,6,-0.16018862050852034,0.0,0.025660394140422742,TARGET_NOT_A_MEASUREMENT
2,4,7,-0.1601886205085203,0.0,0.025660394140422736,TARGET_NOT_A_MEASUREMENT
2,5,0,0.5469181606780272,0.0,0.29911947447943643,TARGET_NOT_A_MEASUREMENT
2,5,1,-0.16018862050852029,0.0,0.025660394140422725,TARGET_NOT_A_MEASUREMENT
2,5,2,-6.6469650349250835e-18,0.0,4.418214417551662e-35,TARGET_NOT_A_MEASUREMENT
2,5,3,-0.1601886205085203,0.0,0.025660394140422736,TARGET_NOT_A_MEASUREMENT
2,5,4,-0.1601886205085203,0.0,0.025660394140422736,TARGET_NOT_A_MEASUREMENT
2,5,5,0.5469181606780272,0.0,0.29911947447943643,TARGET_NOT_A_MEASUREMENT
2,5,6,-0.16018862050852034,0.0,0.025660394140422742,TARGET_NOT_A_MEASUREMENT
2,5,7,0.5469181606780272,0.0,0.29911947447943643,TARGET_NOT_A_MEASUREMENT
2,6,0,-0.1601886205085203,0.0,0.025660394140422736,TARGET_NOT_A_MEASUREMENT
2,6,1,-0.16018862050852029,0.0,0.025660394140422725,TARGET_NOT_A_MEASUREMENT
2,6,2,-6.6469650349250835e-18,0.0,4.418214417551662e-35,TARGET_NOT_A_MEASUREMENT
2,6,3,0.5469181606780272,0.0,0.29911947447943643,TARGET_NOT_A_MEASUREMENT
2,6,4,0.5469181606780272,0.0,0.29911947447943643,TARGET_NOT_A_MEASUREMENT
2,6,5,0.5469181606780272,0.0,0.29911947447943643,TARGET_NOT_A_MEASUREMENT
2,6,6,-0.1601886205085203,0.0,0.025660394140422736,TARGET_NOT_A_MEASUREMENT
2,6,7,-0.16018862050852029,0.0,0.025660394140422725,TARGET_NOT_A_MEASUREMENT
2,7,0,-0.1601886205085203,0.0,0.025660394140422736,TARGET_NOT_A_MEASUREMENT
2,7,1,0.5469181606780272,0.0,0.29911947447943643,TARGET_NOT_A_MEASUREMENT
2,7,2,3.1661128318485097e-18,0.0,1.002427046399579e-35,TARGET_NOT_A_MEASUREMENT
2,7,3,-0.1601886205085203,0.0,0.025660394140422736,TARGET_NOT_A_MEASUREMENT
2,7,4,0.5469181606780272,0.0,0.29911947447943643,TARGET_NOT_A_MEASUREMENT
2,7,5,-0.16018862050852029,0.0,0.025660394140422725,TARGET_NOT_A_MEASUREMENT
2,7,6,-0.1601886205085203,0.0,0.025660394140422736,TARGET_NOT_A_MEASUREMENT
2,7,7,0.5469181606780272,0.0,0.29911947447943643,TARGET_NOT_A_MEASUREMENT
3,0,0,-6.617720520273194e-17,0.0,4.379422488444491e-33,TARGET_NOT_A_MEASUREMENT
3,0,1,-5.872288506759818e-17,0.0,3.448377230662345e-33,TARGET_NOT_A_MEASUREMENT
3,0,2,-7.260067287541263e-17,0.0,5.270857701962676e-33,TARGET_NOT_A_MEASUREMENT
3,0,3,1.0,0.0,1.0,TARGET_NOT_A_MEASUREMENT
3,0,4,-7.260067287541263e-17,0.0,5.270857701962676e-33,TARGET_NOT_A_MEASUREMENT
3,0,5,-6.617720520273194e-17,0.0,4.379422488444491e-33,TARGET_NOT_A_MEASUREMENT
3,0,6,-6.617720520273194e-17,0.0,4.379422488444491e-33,TARGET_NOT_A_MEASUREMENT
3,0,7,-5.872288506759818e-17,0.0,3.448377230662345e-33,TARGET_NOT_A_MEASUREMENT
3,1,0,0.1601886205085203,0.0,0.025660394140422736,TARGET_NOT_A_MEASUREMENT
3,1,1,-0.5469181606780272,0.0,0.29911947447943643,TARGET_NOT_A_MEASUREMENT
3,1,2,0.1601886205085203,0.0,0.025660394140422736,TARGET_NOT_A_MEASUREMENT
3,1,3,-4.8864186196332743e-17,0.0,2.3877086926298754e-33,TARGET_NOT_A_MEASUREMENT
3,1,4,0.1601886205085203,0.0,0.025660394140422736,TARGET_NOT_A_MEASUREMENT
3,1,5,-0.5469181606780272,0.0,0.29911947447943643,TARGET_NOT_A_MEASUREMENT
3,1,6,0.1601886205085203,0.0,0.025660394140422736,TARGET_NOT_A_MEASUREMENT
3,1,7,-0.5469181606780272,0.0,0.29911947447943643,TARGET_NOT_A_MEASUREMENT
3,2,0,-0.1601886205085203,0.0,0.025660394140422736,TARGET_NOT_A_MEASUREMENT
3,2,1,-0.16018862050852034,0.0,0.025660394140422742,TARGET_NOT_A_MEASUREMENT
3,2,2,0.5469181606780272,0.0,0.29911947447943643,TARGET_NOT_A_MEASUREMENT
3,2,3,-6.6469650349250835e-18,0.0,4.418214417551662e-35,TARGET_NOT_A_MEASUREMENT
3,2,4,-0.1601886205085203,0.0,0.025660394140422736,TARGET_NOT_A_MEASUREMENT
3,2,5,-0.1601886205085203,0.0,0.025660394140422736,TARGET_NOT_A_MEASUREMENT
3,2,6,0.5469181606780272,0.0,0.29911947447943643,TARGET_NOT_A_MEASUREMENT
3,2,7,0.5469181606780271,0.0,0.29911947447943626,TARGET_NOT_A_MEASUREMENT
3,3,0,0.5469181606780272,0.0,0.29911947447943643,TARGET_NOT_A_MEASUREMENT
3,3,1,-0.16018862050852034,0.0,0.025660394140422742,TARGET_NOT_A_MEASUREMENT
3,3,2,-0.1601886205085203,0.0,0.025660394140422736,TARGET_NOT_A_MEASUREMENT
3,3,3,-6.6469650349250835e-18,0.0,4.418214417551662e-35,TARGET_NOT_A_MEASUREMENT
3,3,4,0.5469181606780272,0.0,0.29911947447943643,TARGET_NOT_A_MEASUREMENT
3,3,5,-0.1601886205085203,0.0,0.025660394140422736,TARGET_NOT_A_MEASUREMENT
3,3,6,-0.1601886205085203,0.0,0.025660394140422736,TARGET_NOT_A_MEASUREMENT
3,3,7,0.5469181606780271,0.0,0.29911947447943626,TARGET_NOT_A_MEASUREMENT
3,4,0,0.5469181606780272,0.0,0.29911947447943643,TARGET_NOT_A_MEASUREMENT
3,4,1,0.5469181606780272,0.0,0.29911947447943643,TARGET_NOT_A_MEASUREMENT
3,4,2,0.5469181606780272,0.0,0.29911947447943643,TARGET_NOT_A_MEASUREMENT
3,4,3,2.110861058070383e-17,0.0,4.4557344064780165e-34,TARGET_NOT_A_MEASUREMENT
3,4,4,-0.16018862050852029,0.0,0.025660394140422725,TARGET_NOT_A_MEASUREMENT
3,4,5,-0.1601886205085203,0.0,0.025660394140422736,TARGET_NOT_A_MEASUREMENT
3,4,6,-0.1601886205085203,0.0,0.025660394140422736,TARGET_NOT_A_MEASUREMENT
3,4,7,-0.16018862050852034,0.0,0.025660394140422742,TARGET_NOT_A_MEASUREMENT
3,5,0,-0.16018862050852029,0.0,0.025660394140422725,TARGET_NOT_A_MEASUREMENT
3,5,1,0.5469181606780272,0.0,0.29911947447943643,TARGET_NOT_A_MEASUREMENT
3,5,2,-0.1601886205085203,0.0,0.025660394140422736,TARGET_NOT_A_MEASUREMENT
3,5,3,-6.6469650349250835e-18,0.0,4.418214417551662e-35,TARGET_NOT_A_MEASUREMENT
3,5,4,0.5469181606780272,0.0,0.29911947447943643,TARGET_NOT_A_MEASUREMENT
3,5,5,-0.1601886205085203,0.0,0.025660394140422736,TARGET_NOT_A_MEASUREMENT
3,5,6,0.5469181606780272,0.0,0.29911947447943643,TARGET_NOT_A_MEASUREMENT
3,5,7,-0.16018862050852034,0.0,0.025660394140422742,TARGET_NOT_A_MEASUREMENT
3,6,0,-0.16018862050852029,0.0,0.025660394140422725,TARGET_NOT_A_MEASUREMENT
3,6,1,-0.1601886205085203,0.0,0.025660394140422736,TARGET_NOT_A_MEASUREMENT
3,6,2,0.5469181606780272,0.0,0.29911947447943643,TARGET_NOT_A_MEASUREMENT
3,6,3,-6.6469650349250835e-18,0.0,4.418214417551662e-35,TARGET_NOT_A_MEASUREMENT
3,6,4,0.5469181606780272,0.0,0.29911947447943643,TARGET_NOT_A_MEASUREMENT
3,6,5,0.5469181606780272,0.0,0.29911947447943643,TARGET_NOT_A_MEASUREMENT
3,6,6,-0.16018862050852029,0.0,0.025660394140422725,TARGET_NOT_A_MEASUREMENT
3,6,7,-0.1601886205085203,0.0,0.025660394140422736,TARGET_NOT_A_MEASUREMENT
3,7,0,0.5469181606780272,0.0,0.29911947447943643,TARGET_NOT_A_MEASUREMENT
3,7,1,-0.1601886205085203,0.0,0.025660394140422736,TARGET_NOT_A_MEASUREMENT
3,7,2,-0.1601886205085203,0.0,0.025660394140422736,TARGET_NOT_A_MEASUREMENT
3,7,3,3.1661128318485097e-18,0.0,1.002427046399579e-35,TARGET_NOT_A_MEASUREMENT
3,7,4,-0.16018862050852029,0.0,0.025660394140422725,TARGET_NOT_A_MEASUREMENT
3,7,5,0.5469181606780272,0.0,0.29911947447943643,TARGET_NOT_A_MEASUREMENT
3,7,6,0.5469181606780272,0.0,0.29911947447943643,TARGET_NOT_A_MEASUREMENT
3,7,7,-0.1601886205085203,0.0,0.025660394140422736,TARGET_NOT_A_MEASUREMENT
4,0,0,-5.872288506759818e-17,0.0,3.448377230662345e-33,TARGET_NOT_A_MEASUREMENT
4,0,1,-6.617720520273194e-17,0.0,4.379422488444491e-33,TARGET_NOT_A_MEASUREMENT
4,0,2,-6.617720520273194e-17,0.0,4.379422488444491e-33,TARGET_NOT_A_MEASUREMENT
4,0,3,-7.260067287541263e-17,0.0,5.270857701962676e-33,TARGET_NOT_A_MEASUREMENT
4,0,4,1.0,0.0,1.0,TARGET_NOT_A_MEASUREMENT
4,0,5,-7.260067287541263e-17,0.0,5.270857701962676e-33,TARGET_NOT_A_MEASUREMENT
4,0,6,-5.872288506759818e-17,0.0,3.448377230662345e-33,TARGET_NOT_A_MEASUREMENT
4,0,7,-6.617720520273194e-17,0.0,4.379422488444491e-33,TARGET_NOT_A_MEASUREMENT
4,1,0,-0.5469181606780272,0.0,0.29911947447943643,TARGET_NOT_A_MEASUREMENT
4,1,1,0.1601886205085203,0.0,0.025660394140422736,TARGET_NOT_A_MEASUREMENT
4,1,2,-0.5469181606780272,0.0,0.29911947447943643,TARGET_NOT_A_MEASUREMENT
4,1,3,0.1601886205085203,0.0,0.025660394140422736,TARGET_NOT_A_MEASUREMENT
4,1,4,-4.8864186196332743e-17,0.0,2.3877086926298754e-33,TARGET_NOT_A_MEASUREMENT
4,1,5,0.1601886205085203,0.0,0.025660394140422736,TARGET_NOT_A_MEASUREMENT
4,1,6,-0.5469181606780272,0.0,0.29911947447943643,TARGET_NOT_A_MEASUREMENT
4,1,7,0.1601886205085203,0.0,0.025660394140422736,TARGET_NOT_A_MEASUREMENT
4,2,0,0.5469181606780271,0.0,0.29911947447943626,TARGET_NOT_A_MEASUREMENT
4,2,1,0.5469181606780272,0.0,0.29911947447943643,TARGET_NOT_A_MEASUREMENT
4,2,2,-0.1601886205085203,0.0,0.025660394140422736,TARGET_NOT_A_MEASUREMENT
4,2,3,-0.1601886205085203,0.0,0.025660394140422736,TARGET_NOT_A_MEASUREMENT
4,2,4,-6.6469650349250835e-18,0.0,4.418214417551662e-35,TARGET_NOT_A_MEASUREMENT
4,2,5,0.5469181606780272,0.0,0.29911947447943643,TARGET_NOT_A_MEASUREMENT
4,2,6,-0.16018862050852034,0.0,0.025660394140422742,TARGET_NOT_A_MEASUREMENT
4,2,7,-0.1601886205085203,0.0,0.025660394140422736,TARGET_NOT_A_MEASUREMENT
4,3,0,0.5469181606780271,0.0,0.29911947447943626,TARGET_NOT_A_MEASUREMENT
4,3,1,-0.1601886205085203,0.0,0.025660394140422736,TARGET_NOT_A_MEASUREMENT
4,3,2,-0.1601886205085203,0.0,0.025660394140422736,TARGET_NOT_A_MEASUREMENT
4,3,3,0.5469181606780272,0.0,0.29911947447943643,TARGET_NOT_A_MEASUREMENT
4,3,4,-6.6469650349250835e-18,0.0,4.418214417551662e-35,TARGET_NOT_A_MEASUREMENT
4,3,5,-0.1601886205085203,0.0,0.025660394140422736,TARGET_NOT_A_MEASUREMENT
4,3,6,-0.16018862050852034,0.0,0.025660394140422742,TARGET_NOT_A_MEASUREMENT
4,3,7,0.5469181606780272,0.0,0.29911947447943643,TARGET_NOT_A_MEASUREMENT
4,4,0,-0.16018862050852034,0.0,0.025660394140422742,TARGET_NOT_A_MEASUREMENT
4,4,1,-0.1601886205085203,0.0,0.025660394140422736,TARGET_NOT_A_MEASUREMENT
4,4,2,-0.1601886205085203,0.0,0.025660394140422736,TARGET_NOT_A_MEASUREMENT
4,4,3,-0.16018862050852029,0.0,0.025660394140422725,TARGET_NOT_A_MEASUREMENT
4,4,4,2.110861058070383e-17,0.0,4.4557344064780165e-34,TARGET_NOT_A_MEASUREMENT
4,4,5,0.5469181606780272,0.0,0.29911947447943643,TARGET_NOT_A_MEASUREMENT
4,4,6,0.5469181606780272,0.0,0.29911947447943643,TARGET_NOT_A_MEASUREMENT
4,4,7,0.5469181606780272,0.0,0.29911947447943643,TARGET_NOT_A_MEASUREMENT
4,5,0,-0.16018862050852034,0.0,0.025660394140422742,TARGET_NOT_A_MEASUREMENT
4,5,1,0.5469181606780272,0.0,0.29911947447943643,TARGET_NOT_A_MEASUREMENT
4,5,2,-0.1601886205085203,0.0,0.025660394140422736,TARGET_NOT_A_MEASUREMENT
4,5,3,0.5469181606780272,0.0,0.29911947447943643,TARGET_NOT_A_MEASUREMENT
4,5,4,-6.6469650349250835e-18,0.0,4.418214417551662e-35,TARGET_NOT_A_MEASUREMENT
4,5,5,-0.1601886205085203,0.0,0.025660394140422736,TARGET_NOT_A_MEASUREMENT
4,5,6,0.5469181606780272,0.0,0.29911947447943643,TARGET_NOT_A_MEASUREMENT
4,5,7,-0.16018862050852029,0.0,0.025660394140422725,TARGET_NOT_A_MEASUREMENT
4,6,0,-0.1601886205085203,0.0,0.025660394140422736,TARGET_NOT_A_MEASUREMENT
4,6,1,-0.16018862050852029,0.0,0.025660394140422725,TARGET_NOT_A_MEASUREMENT
4,6,2,0.5469181606780272,0.0,0.29911947447943643,TARGET_NOT_A_MEASUREMENT
4,6,3,0.5469181606780272,0.0,0.29911947447943643,TARGET_NOT_A_MEASUREMENT
4,6,4,-6.6469650349250835e-18,0.0,4.418214417551662e-35,TARGET_NOT_A_MEASUREMENT
4,6,5,0.5469181606780272,0.0,0.29911947447943643,TARGET_NOT_A_MEASUREMENT
4,6,6,-0.1601886205085203,0.0,0.025660394140422736,TARGET_NOT_A_MEASUREMENT
4,6,7,-0.16018862050852029,0.0,0.025660394140422725,TARGET_NOT_A_MEASUREMENT
4,7,0,-0.1601886205085203,0.0,0.025660394140422736,TARGET_NOT_A_MEASUREMENT
4,7,1,0.5469181606780272,0.0,0.29911947447943643,TARGET_NOT_A_MEASUREMENT
4,7,2,0.5469181606780272,0.0,0.29911947447943643,TARGET_NOT_A_MEASUREMENT
4,7,3,-0.16018862050852029,0.0,0.025660394140422725,TARGET_NOT_A_MEASUREMENT
4,7,4,3.1661128318485097e-18,0.0,1.002427046399579e-35,TARGET_NOT_A_MEASUREMENT
4,7,5,-0.1601886205085203,0.0,0.025660394140422736,TARGET_NOT_A_MEASUREMENT
4,7,6,-0.1601886205085203,0.0,0.025660394140422736,TARGET_NOT_A_MEASUREMENT
4,7,7,0.5469181606780272,0.0,0.29911947447943643,TARGET_NOT_A_MEASUREMENT
5,0,0,-6.617720520273194e-17,0.0,4.379422488444491e-33,TARGET_NOT_A_MEASUREMENT
5,0,1,-5.872288506759818e-17,0.0,3.448377230662345e-33,TARGET_NOT_A_MEASUREMENT
5,0,2,-7.260067287541263e-17,0.0,5.270857701962676e-33,TARGET_NOT_A_MEASUREMENT
5,0,3,-6.617720520273194e-17,0.0,4.379422488444491e-33,TARGET_NOT_A_MEASUREMENT
5,0,4,-7.260067287541263e-17,0.0,5.270857701962676e-33,TARGET_NOT_A_MEASUREMENT
5,0,5,1.0,0.0,1.0,TARGET_NOT_A_MEASUREMENT
5,0,6,-6.617720520273194e-17,0.0,4.379422488444491e-33,TARGET_NOT_A_MEASUREMENT
5,0,7,-5.872288506759818e-17,0.0,3.448377230662345e-33,TARGET_NOT_A_MEASUREMENT
5,1,0,0.1601886205085203,0.0,0.025660394140422736,TARGET_NOT_A_MEASUREMENT
5,1,1,-0.5469181606780272,0.0,0.29911947447943643,TARGET_NOT_A_MEASUREMENT
5,1,2,0.1601886205085203,0.0,0.025660394140422736,TARGET_NOT_A_MEASUREMENT
5,1,3,-0.5469181606780272,0.0,0.29911947447943643,TARGET_NOT_A_MEASUREMENT
5,1,4,0.1601886205085203,0.0,0.025660394140422736,TARGET_NOT_A_MEASUREMENT
5,1,5,-4.8864186196332743e-17,0.0,2.3877086926298754e-33,TARGET_NOT_A_MEASUREMENT
5,1,6,0.1601886205085203,0.0,0.025660394140422736,TARGET_NOT_A_MEASUREMENT
5,1,7,-0.5469181606780272,0.0,0.29911947447943643,TARGET_NOT_A_MEASUREMENT
5,2,0,0.5469181606780272,0.0,0.29911947447943643,TARGET_NOT_A_MEASUREMENT
5,2,1,0.5469181606780271,0.0,0.29911947447943626,TARGET_NOT_A_MEASUREMENT
5,2,2,-0.1601886205085203,0.0,0.025660394140422736,TARGET_NOT_A_MEASUREMENT
5,2,3,-0.1601886205085203,0.0,0.025660394140422736,TARGET_NOT_A_MEASUREMENT
5,2,4,0.5469181606780272,0.0,0.29911947447943643,TARGET_NOT_A_MEASUREMENT
5,2,5,-6.6469650349250835e-18,0.0,4.418214417551662e-35,TARGET_NOT_A_MEASUREMENT
5,2,6,-0.1601886205085203,0.0,0.025660394140422736,TARGET_NOT_A_MEASUREMENT
5,2,7,-0.16018862050852034,0.0,0.025660394140422742,TARGET_NOT_A_MEASUREMENT
5,3,0,-0.1601886205085203,0.0,0.025660394140422736,TARGET_NOT_A_MEASUREMENT
5,3,1,0.5469181606780271,0.0,0.29911947447943626,TARGET_NOT_A_MEASUREMENT
5,3,2,0.5469181606780272,0.0,0.29911947447943643,TARGET_NOT_A_MEASUREMENT
5,3,3,-0.1601886205085203,0.0,0.025660394140422736,TARGET_NOT_A_MEASUREMENT
5,3,4,-0.1601886205085203,0.0,0.025660394140422736,TARGET_NOT_A_MEASUREMENT
5,3,5,-6.6469650349250835e-18,0.0,4.418214417551662e-35,TARGET_NOT_A_MEASUREMENT
5,3,6,0.5469181606780272,0.0,0.29911947447943643,TARGET_NOT_A_MEASUREMENT
5,3,7,-0.16018862050852034,0.0,0.025660394140422742,TARGET_NOT_A_MEASUREMENT
5,4,0,-0.1601886205085203,0.0,0.025660394140422736,TARGET_NOT_A_MEASUREMENT
5,4,1,-0.16018862050852034,0.0,0.025660394140422742,TARGET_NOT_A_MEASUREMENT
5,4,2,-0.16018862050852029,0.0,0.025660394140422725,TARGET_NOT_A_MEASUREMENT
5,4,3,-0.1601886205085203,0.0,0.025660394140422736,TARGET_NOT_A_MEASUREMENT
5,4,4,0.5469181606780272,0.0,0.29911947447943643,TARGET_NOT_A_MEASUREMENT
5,4,5,2.110861058070383e-17,0.0,4.4557344064780165e-34,TARGET_NOT_A_MEASUREMENT
5,4,6,0.5469181606780272,0.0,0.29911947447943643,TARGET_NOT_A_MEASUREMENT
5,4,7,0.5469181606780272,0.0,0.29911947447943643,TARGET_NOT_A_MEASUREMENT
5,5,0,0.5469181606780272,0.0,0.29911947447943643,TARGET_NOT_A_MEASUREMENT
5,5,1,-0.16018862050852034,0.0,0.025660394140422742,TARGET_NOT_A_MEASUREMENT
5,5,2,0.5469181606780272,0.0,0.29911947447943643,TARGET_NOT_A_MEASUREMENT
5,5,3,-0.1601886205085203,0.0,0.025660394140422736,TARGET_NOT_A_MEASUREMENT
5,5,4,-0.1601886205085203,0.0,0.025660394140422736,TARGET_NOT_A_MEASUREMENT
5,5,5,-6.6469650349250835e-18,0.0,4.418214417551662e-35,TARGET_NOT_A_MEASUREMENT
5,5,6,-0.16018862050852029,0.0,0.025660394140422725,TARGET_NOT_A_MEASUREMENT
5,5,7,0.5469181606780272,0.0,0.29911947447943643,TARGET_NOT_A_MEASUREMENT
5,6,0,-0.16018862050852029,0.0,0.025660394140422725,TARGET_NOT_A_MEASUREMENT
5,6,1,-0.1601886205085203,0.0,0.025660394140422736,TARGET_NOT_A_MEASUREMENT
5,6,2,0.5469181606780272,0.0,0.29911947447943643,TARGET_NOT_A_MEASUREMENT
5,6,3,0.5469181606780272,0.0,0.29911947447943643,TARGET_NOT_A_MEASUREMENT
5,6,4,0.5469181606780272,0.0,0.29911947447943643,TARGET_NOT_A_MEASUREMENT
5,6,5,-6.6469650349250835e-18,0.0,4.418214417551662e-35,TARGET_NOT_A_MEASUREMENT
5,6,6,-0.16018862050852029,0.0,0.025660394140422725,TARGET_NOT_A_MEASUREMENT
5,6,7,-0.1601886205085203,0.0,0.025660394140422736,TARGET_NOT_A_MEASUREMENT
5,7,0,0.5469181606780272,0.0,0.29911947447943643,TARGET_NOT_A_MEASUREMENT
5,7,1,-0.1601886205085203,0.0,0.025660394140422736,TARGET_NOT_A_MEASUREMENT
5,7,2,-0.16018862050852029,0.0,0.025660394140422725,TARGET_NOT_A_MEASUREMENT
5,7,3,0.5469181606780272,0.0,0.29911947447943643,TARGET_NOT_A_MEASUREMENT
5,7,4,-0.1601886205085203,0.0,0.025660394140422736,TARGET_NOT_A_MEASUREMENT
5,7,5,3.1661128318485097e-18,0.0,1.002427046399579e-35,TARGET_NOT_A_MEASUREMENT
5,7,6,0.5469181606780272,0.0,0.29911947447943643,TARGET_NOT_A_MEASUREMENT
5,7,7,-0.1601886205085203,0.0,0.025660394140422736,TARGET_NOT_A_MEASUREMENT
6,0,0,-6.617720520273194e-17,0.0,4.379422488444491e-33,TARGET_NOT_A_MEASUREMENT
6,0,1,-7.260067287541263e-17,0.0,5.270857701962676e-33,TARGET_NOT_A_MEASUREMENT
6,0,2,-5.872288506759818e-17,0.0,3.448377230662345e-33,TARGET_NOT_A_MEASUREMENT
6,0,3,-6.617720520273194e-17,0.0,4.379422488444491e-33,TARGET_NOT_A_MEASUREMENT
6,0,4,-5.872288506759818e-17,0.0,3.448377230662345e-33,TARGET_NOT_A_MEASUREMENT
6,0,5,-6.617720520273194e-17,0.0,4.379422488444491e-33,TARGET_NOT_A_MEASUREMENT
6,0,6,1.0,0.0,1.0,TARGET_NOT_A_MEASUREMENT
6,0,7,-7.260067287541263e-17,0.0,5.270857701962676e-33,TARGET_NOT_A_MEASUREMENT
6,1,0,-0.5469181606780272,0.0,0.29911947447943643,TARGET_NOT_A_MEASUREMENT
6,1,1,0.1601886205085203,0.0,0.025660394140422736,TARGET_NOT_A_MEASUREMENT
6,1,2,-0.5469181606780272,0.0,0.29911947447943643,TARGET_NOT_A_MEASUREMENT
6,1,3,0.1601886205085203,0.0,0.025660394140422736,TARGET_NOT_A_MEASUREMENT
6,1,4,-0.5469181606780272,0.0,0.29911947447943643,TARGET_NOT_A_MEASUREMENT
6,1,5,0.1601886205085203,0.0,0.025660394140422736,TARGET_NOT_A_MEASUREMENT
6,1,6,-4.8864186196332743e-17,0.0,2.3877086926298754e-33,TARGET_NOT_A_MEASUREMENT
6,1,7,0.1601886205085203,0.0,0.025660394140422736,TARGET_NOT_A_MEASUREMENT
6,2,0,-0.1601886205085203,0.0,0.025660394140422736,TARGET_NOT_A_MEASUREMENT
6,2,1,-0.1601886205085203,0.0,0.025660394140422736,TARGET_NOT_A_MEASUREMENT
6,2,2,0.5469181606780271,0.0,0.29911947447943626,TARGET_NOT_A_MEASUREMENT
6,2,3,0.5469181606780272,0.0,0.29911947447943643,TARGET_NOT_A_MEASUREMENT
6,2,4,-0.16018862050852034,0.0,0.025660394140422742,TARGET_NOT_A_MEASUREMENT
6,2,5,-0.1601886205085203,0.0,0.025660394140422736,TARGET_NOT_A_MEASUREMENT
6,2,6,-6.6469650349250835e-18,0.0,4.418214417551662e-35,TARGET_NOT_A_MEASUREMENT
6,2,7,0.5469181606780272,0.0,0.29911947447943643,TARGET_NOT_A_MEASUREMENT
6,3,0,-0.1601886205085203,0.0,0.025660394140422736,TARGET_NOT_A_MEASUREMENT
6,3,1,0.5469181606780272,0.0,0.29911947447943643,TARGET_NOT_A_MEASUREMENT
6,3,2,0.5469181606780271,0.0,0.29911947447943626,TARGET_NOT_A_MEASUREMENT
6,3,3,-0.1601886205085203,0.0,0.025660394140422736,TARGET_NOT_A_MEASUREMENT
6,3,4,-0.16018862050852034,0.0,0.025660394140422742,TARGET_NOT_A_MEASUREMENT
6,3,5,0.5469181606780272,0.0,0.29911947447943643,TARGET_NOT_A_MEASUREMENT
6,3,6,-6.6469650349250835e-18,0.0,4.418214417551662e-35,TARGET_NOT_A_MEASUREMENT
6,3,7,-0.1601886205085203,0.0,0.025660394140422736,TARGET_NOT_A_MEASUREMENT
6,4,0,-0.1601886205085203,0.0,0.025660394140422736,TARGET_NOT_A_MEASUREMENT
6,4,1,-0.16018862050852029,0.0,0.025660394140422725,TARGET_NOT_A_MEASUREMENT
6,4,2,-0.16018862050852034,0.0,0.025660394140422742,TARGET_NOT_A_MEASUREMENT
6,4,3,-0.1601886205085203,0.0,0.025660394140422736,TARGET_NOT_A_MEASUREMENT
6,4,4,0.5469181606780272,0.0,0.29911947447943643,TARGET_NOT_A_MEASUREMENT
6,4,5,0.5469181606780272,0.0,0.29911947447943643,TARGET_NOT_A_MEASUREMENT
6,4,6,2.110861058070383e-17,0.0,4.4557344064780165e-34,TARGET_NOT_A_MEASUREMENT
6,4,7,0.5469181606780272,0.0,0.29911947447943643,TARGET_NOT_A_MEASUREMENT
6,5,0,-0.1601886205085203,0.0,0.025660394140422736,TARGET_NOT_A_MEASUREMENT
6,5,1,0.5469181606780272,0.0,0.29911947447943643,TARGET_NOT_A_MEASUREMENT
6,5,2,-0.16018862050852034,0.0,0.025660394140422742,TARGET_NOT_A_MEASUREMENT
6,5,3,0.5469181606780272,0.0,0.29911947447943643,TARGET_NOT_A_MEASUREMENT
6,5,4,0.5469181606780272,0.0,0.29911947447943643,TARGET_NOT_A_MEASUREMENT
6,5,5,-0.16018862050852029,0.0,0.025660394140422725,TARGET_NOT_A_MEASUREMENT
6,5,6,-6.6469650349250835e-18,0.0,4.418214417551662e-35,TARGET_NOT_A_MEASUREMENT
6,5,7,-0.1601886205085203,0.0,0.025660394140422736,TARGET_NOT_A_MEASUREMENT
6,6,0,0.5469181606780272,0.0,0.29911947447943643,TARGET_NOT_A_MEASUREMENT
6,6,1,0.5469181606780272,0.0,0.29911947447943643,TARGET_NOT_A_MEASUREMENT
6,6,2,-0.1601886205085203,0.0,0.025660394140422736,TARGET_NOT_A_MEASUREMENT
6,6,3,-0.16018862050852029,0.0,0.025660394140422725,TARGET_NOT_A_MEASUREMENT
6,6,4,-0.1601886205085203,0.0,0.025660394140422736,TARGET_NOT_A_MEASUREMENT
6,6,5,-0.16018862050852029,0.0,0.025660394140422725,TARGET_NOT_A_MEASUREMENT
6,6,6,-6.6469650349250835e-18,0.0,4.418214417551662e-35,TARGET_NOT_A_MEASUREMENT
6,6,7,0.5469181606780272,0.0,0.29911947447943643,TARGET_NOT_A_MEASUREMENT
6,7,0,0.5469181606780272,0.0,0.29911947447943643,TARGET_NOT_A_MEASUREMENT
6,7,1,-0.16018862050852029,0.0,0.025660394140422725,TARGET_NOT_A_MEASUREMENT
6,7,2,-0.1601886205085203,0.0,0.025660394140422736,TARGET_NOT_A_MEASUREMENT
6,7,3,0.5469181606780272,0.0,0.29911947447943643,TARGET_NOT_A_MEASUREMENT
6,7,4,-0.1601886205085203,0.0,0.025660394140422736,TARGET_NOT_A_MEASUREMENT
6,7,5,0.5469181606780272,0.0,0.29911947447943643,TARGET_NOT_A_MEASUREMENT
6,7,6,3.1661128318485097e-18,0.0,1.002427046399579e-35,TARGET_NOT_A_MEASUREMENT
6,7,7,-0.1601886205085203,0.0,0.025660394140422736,TARGET_NOT_A_MEASUREMENT
7,0,0,-7.260067287541263e-17,0.0,5.270857701962676e-33,TARGET_NOT_A_MEASUREMENT
7,0,1,-6.617720520273194e-17,0.0,4.379422488444491e-33,TARGET_NOT_A_MEASUREMENT
7,0,2,-6.617720520273194e-17,0.0,4.379422488444491e-33,TARGET_NOT_A_MEASUREMENT
7,0,3,-5.872288506759818e-17,0.0,3.448377230662345e-33,TARGET_NOT_A_MEASUREMENT
7,0,4,-6.617720520273194e-17,0.0,4.379422488444491e-33,TARGET_NOT_A_MEASUREMENT
7,0,5,-5.872288506759818e-17,0.0,3.448377230662345e-33,TARGET_NOT_A_MEASUREMENT
7,0,6,-7.260067287541263e-17,0.0,5.270857701962676e-33,TARGET_NOT_A_MEASUREMENT
7,0,7,1.0,0.0,1.0,TARGET_NOT_A_MEASUREMENT
7,1,0,0.1601886205085203,0.0,0.025660394140422736,TARGET_NOT_A_MEASUREMENT
7,1,1,-0.5469181606780272,0.0,0.29911947447943643,TARGET_NOT_A_MEASUREMENT
7,1,2,0.1601886205085203,0.0,0.025660394140422736,TARGET_NOT_A_MEASUREMENT
7,1,3,-0.5469181606780272,0.0,0.29911947447943643,TARGET_NOT_A_MEASUREMENT
7,1,4,0.1601886205085203,0.0,0.025660394140422736,TARGET_NOT_A_MEASUREMENT
7,1,5,-0.5469181606780272,0.0,0.29911947447943643,TARGET_NOT_A_MEASUREMENT
7,1,6,0.1601886205085203,0.0,0.025660394140422736,TARGET_NOT_A_MEASUREMENT
7,1,7,-4.8864186196332743e-17,0.0,2.3877086926298754e-33,TARGET_NOT_A_MEASUREMENT
7,2,0,-0.1601886205085203,0.0,0.025660394140422736,TARGET_NOT_A_MEASUREMENT
7,2,1,-0.1601886205085203,0.0,0.025660394140422736,TARGET_NOT_A_MEASUREMENT
7,2,2,0.5469181606780272,0.0,0.29911947447943643,TARGET_NOT_A_MEASUREMENT
7,2,3,0.5469181606780271,0.0,0.29911947447943626,TARGET_NOT_A_MEASUREMENT
7,2,4,-0.1601886205085203,0.0,0.025660394140422736,TARGET_NOT_A_MEASUREMENT
7,2,5,-0.16018862050852034,0.0,0.025660394140422742,TARGET_NOT_A_MEASUREMENT
7,2,6,0.5469181606780272,0.0,0.29911947447943643,TARGET_NOT_A_MEASUREMENT
7,2,7,-6.6469650349250835e-18,0.0,4.418214417551662e-35,TARGET_NOT_A_MEASUREMENT
7,3,0,0.5469181606780272,0.0,0.29911947447943643,TARGET_NOT_A_MEASUREMENT
7,3,1,-0.1601886205085203,0.0,0.025660394140422736,TARGET_NOT_A_MEASUREMENT
7,3,2,-0.1601886205085203,0.0,0.025660394140422736,TARGET_NOT_A_MEASUREMENT
7,3,3,0.5469181606780271,0.0,0.29911947447943626,TARGET_NOT_A_MEASUREMENT
7,3,4,0.5469181606780272,0.0,0.29911947447943643,TARGET_NOT_A_MEASUREMENT
7,3,5,-0.16018862050852034,0.0,0.025660394140422742,TARGET_NOT_A_MEASUREMENT
7,3,6,-0.1601886205085203,0.0,0.025660394140422736,TARGET_NOT_A_MEASUREMENT
7,3,7,-6.6469650349250835e-18,0.0,4.418214417551662e-35,TARGET_NOT_A_MEASUREMENT
7,4,0,-0.16018862050852029,0.0,0.025660394140422725,TARGET_NOT_A_MEASUREMENT
7,4,1,-0.1601886205085203,0.0,0.025660394140422736,TARGET_NOT_A_MEASUREMENT
7,4,2,-0.1601886205085203,0.0,0.025660394140422736,TARGET_NOT_A_MEASUREMENT
7,4,3,-0.16018862050852034,0.0,0.025660394140422742,TARGET_NOT_A_MEASUREMENT
7,4,4,0.5469181606780272,0.0,0.29911947447943643,TARGET_NOT_A_MEASUREMENT
7,4,5,0.5469181606780272,0.0,0.29911947447943643,TARGET_NOT_A_MEASUREMENT
7,4,6,0.5469181606780272,0.0,0.29911947447943643,TARGET_NOT_A_MEASUREMENT
7,4,7,2.110861058070383e-17,0.0,4.4557344064780165e-34,TARGET_NOT_A_MEASUREMENT
7,5,0,0.5469181606780272,0.0,0.29911947447943643,TARGET_NOT_A_MEASUREMENT
7,5,1,-0.1601886205085203,0.0,0.025660394140422736,TARGET_NOT_A_MEASUREMENT
7,5,2,0.5469181606780272,0.0,0.29911947447943643,TARGET_NOT_A_MEASUREMENT
7,5,3,-0.16018862050852034,0.0,0.025660394140422742,TARGET_NOT_A_MEASUREMENT
7,5,4,-0.16018862050852029,0.0,0.025660394140422725,TARGET_NOT_A_MEASUREMENT
7,5,5,0.5469181606780272,0.0,0.29911947447943643,TARGET_NOT_A_MEASUREMENT
7,5,6,-0.1601886205085203,0.0,0.025660394140422736,TARGET_NOT_A_MEASUREMENT
7,5,7,-6.6469650349250835e-18,0.0,4.418214417551662e-35,TARGET_NOT_A_MEASUREMENT
7,6,0,0.5469181606780272,0.0,0.29911947447943643,TARGET_NOT_A_MEASUREMENT
7,6,1,0.5469181606780272,0.0,0.29911947447943643,TARGET_NOT_A_MEASUREMENT
7,6,2,-0.16018862050852029,0.0,0.025660394140422725,TARGET_NOT_A_MEASUREMENT
7,6,3,-0.1601886205085203,0.0,0.025660394140422736,TARGET_NOT_A_MEASUREMENT
7,6,4,-0.16018862050852029,0.0,0.025660394140422725,TARGET_NOT_A_MEASUREMENT
7,6,5,-0.1601886205085203,0.0,0.025660394140422736,TARGET_NOT_A_MEASUREMENT
7,6,6,0.5469181606780272,0.0,0.29911947447943643,TARGET_NOT_A_MEASUREMENT
7,6,7,-6.6469650349250835e-18,0.0,4.418214417551662e-35,TARGET_NOT_A_MEASUREMENT
7,7,0,-0.16018862050852029,0.0,0.025660394140422725,TARGET_NOT_A_MEASUREMENT
7,7,1,0.5469181606780272,0.0,0.29911947447943643,TARGET_NOT_A_MEASUREMENT
7,7,2,0.5469181606780272,0.0,0.29911947447943643,TARGET_NOT_A_MEASUREMENT
7,7,3,-0.1601886205085203,0.0,0.025660394140422736,TARGET_NOT_A_MEASUREMENT
7,7,4,0.5469181606780272,0.0,0.29911947447943643,TARGET_NOT_A_MEASUREMENT
7,7,5,-0.1601886205085203,0.0,0.025660394140422736,TARGET_NOT_A_MEASUREMENT
7,7,6,-0.1601886205085203,0.0,0.025660394140422736,TARGET_NOT_A_MEASUREMENT
7,7,7,3.1661128318485097e-18,0.0,1.002427046399579e-35,TARGET_NOT_A_MEASUREMENT
